url;text;is_birthday
https://twitter.com/anaamalucas/status/1246960520504258561;@eulucasviana Amor @eulucasviana vc √© um anjo aqui na terra! Te amo! Hoje √© meu Anivers√°rio (junto com minha netinh‚Ä¶ https://t.co/4iwk5mHQV8;1
https://twitter.com/sanzivis/status/1246954701012205568;@idolshelpffxofi hoje √© meu anivers√°rio, pfff me ajuda a chegar em 2 k pffffff https://t.co/hMT9eQYpws;1
https://twitter.com/shineboynton/status/1246954016497635330;@idolshelpffxofi hoje √© o meu anivers√°rio tb aaaaa;1
https://twitter.com/ariangelsx/status/1246953984285454336;@idolshelpffxofi hoje e meu anivers√°rio tamb√©m me da 6k de seguidor de presente ?  https://t.co/xU44uO5slK;1
https://twitter.com/niaIIzg/status/1246953278300176384;@idolshelpffxofi idols hoje √© meu anivers√°rio me da 3K de seguidores de presente??;1
https://twitter.com/BotinhoTucuxi/status/1246950687252062208;@castelllovini Ai mano √© horr√≠vel,  hoje √© meu anivers√°rio por exemplo e t√¥ tendo que me contentar com homenagem virtual.;1
https://twitter.com/sofia_sofria/status/1246950632331915266;Hoje √© meu anivers√°rio, v√™m d√° meu presente (obs: pode ser seu beijo);1
https://twitter.com/ferxnd/status/1246949777453076481;Fizemos um churrasco hoje pra continuar comemorando meu anivers√°rio, e eu n√£o parei de beber e comer desde o 12h;1
https://twitter.com/filhodekazimir/status/1246949489744715776;Tentando passar meu anivers√°rio com alguma coisinha. Por mais que os dias sejam dif√≠ceis por conta da quarentena e‚Ä¶ https://t.co/tQfLCx1p7l;1
https://twitter.com/blarckparade/status/1246948009327370241;oii @MyraRuiz √© meu anivers√°rio hoje, me manda parab√©ns? amo voc√™;1
https://twitter.com/laaqueenJ/status/1246947598176567297;Que dia do filho o que, hoje √© MEU ANIVERS√ÅRIO;1
https://twitter.com/geehovanaxl/status/1246941282473332738;@npsidoka doka hoje √© meu anivers√°rio, pode me dar parab√©ns no estilo sidoka? s√≥ um parab√©ns geovana t√° √≥timo KSKSKSKSK te amo;1
https://twitter.com/castlelevy/status/1246965333807808512;Feliz anivers√°rio, meu amor! Hoje √© um dia especial pq marca o dia que voc√™ nasceu, pois esta √© uma das datas mais‚Ä¶ https://t.co/yNZnsu62Ot;0
https://twitter.com/agabrielamelo_/status/1246964851970375682;RT @HistoriaNoPaint: Hoje √© anivers√°rio do amor da minha vida, mais conhecida como a senhora Hist√≥ria No Paint  Sem ela n√£o teria conta, po‚Ä¶;0
https://twitter.com/Alexandrelucar2/status/1246964588349980673;RT @HistoriaNoPaint: Hoje √© anivers√°rio do amor da minha vida, mais conhecida como a senhora Hist√≥ria No Paint  Sem ela n√£o teria conta, po‚Ä¶;0
https://twitter.com/suidarasoares/status/1246964453805109248;Nasce crian√ßa na fam√≠lia, s√≥ vejo no grupo 1 dia depois...  Anivers√°rio do meu irm√£o hoje, lembro s√≥ agora KKKKKK‚Ä¶ https://t.co/oMC17Gc37I;0
https://twitter.com/orangedrivez/status/1246963612935163904;RT @faveyooni: hoje √© anivers√°rio do meu solzinho ‚òÄÔ∏è parab√©ns meu amorzinho, espero que voc√™ tenha um dia incrivel ‚ù§Ô∏èü•∫ mam√£e te ama muito ü•∞‚Ä¶;0
https://twitter.com/Domingosfla7/status/1246963590810173443;RT @rosa__lcs: MEU ANIVERS√ÅRIO N√ÉO √â HOJE!!;0
https://twitter.com/rosa__lcs/status/1246963371230081024;MEU ANIVERS√ÅRIO N√ÉO √â HOJE!! https://t.co/rUr3AhUuTh;0
https://twitter.com/ReiDosRatos_/status/1246963078719209472;RT @HistoriaNoPaint: Hoje √© anivers√°rio do amor da minha vida, mais conhecida como a senhora Hist√≥ria No Paint  Sem ela n√£o teria conta, po‚Ä¶;0
https://twitter.com/posteambulante/status/1246962652783325184;RT @HistoriaNoPaint: Hoje √© anivers√°rio do amor da minha vida, mais conhecida como a senhora Hist√≥ria No Paint  Sem ela n√£o teria conta, po‚Ä¶;0
https://twitter.com/tatabortolatto/status/1246962309869842441;@gusttavo_lima Ainda em choques pela live comigo e meu pai!! üò≠üò≠ Hoje √© anivers√°rio dele hahahah beijo da tua catarinense üíñ;0
https://twitter.com/willen_lobato/status/1246962075735412736;Entrei hoje mais cedo pra ver as bolinhas do Twitter e vi que n√£o tinha colocado a data do meu anivers√°rio.. kkkkk.‚Ä¶ https://t.co/Sxyoscsauh;0
https://twitter.com/Ghost81511/status/1246960502216982533;RT @HistoriaNoPaint: Hoje √© anivers√°rio do amor da minha vida, mais conhecida como a senhora Hist√≥ria No Paint  Sem ela n√£o teria conta, po‚Ä¶;0
https://twitter.com/VibeVick/status/1246960341612990465;RT @yasgabi1: Hoje faz 1 ano que eu sou a mulher mais feliz desse mundo, desde o primeiro sorriso, os primeiros passinhos, as primeiras pal‚Ä¶;0
https://twitter.com/SF_Fernandess/status/1246960157512413185;Meu anivers√°rio √© daqui a 4 dias e eu ia pedir a menina em namoro mas com alian√ßa dessa vez da√≠ hoje recebo a not√≠c‚Ä¶ https://t.co/NpYd0ng7wC;0
https://twitter.com/pqsarao/status/1246959942793338882;Meu white people problem de hoje √© que eu ia pra Paris daqui a 3 semanas passar meu anivers√°rio mas gra√ßas ao coron‚Ä¶ https://t.co/Lba13RRU9d;0
https://twitter.com/ttbrunalima/status/1246959672587935754;RT @HistoriaNoPaint: Hoje √© anivers√°rio do amor da minha vida, mais conhecida como a senhora Hist√≥ria No Paint  Sem ela n√£o teria conta, po‚Ä¶;0
https://twitter.com/Clarissvitori/status/1246958963788263424;RT @HistoriaNoPaint: Hoje √© anivers√°rio do amor da minha vida, mais conhecida como a senhora Hist√≥ria No Paint  Sem ela n√£o teria conta, po‚Ä¶;0
https://twitter.com/earagao_/status/1246958481875316739;RT @HistoriaNoPaint: Hoje √© anivers√°rio do amor da minha vida, mais conhecida como a senhora Hist√≥ria No Paint  Sem ela n√£o teria conta, po‚Ä¶;0
https://twitter.com/ArturMarcoss/status/1246958459997863936;RT @reenato_duarte: Hoje √© anivers√°rio de um brother meu, que Deus aben√ßoe sua vida @ArturMarcoss, te amo irm√£o;0
https://twitter.com/chibyerim/status/1246958416431591425;RT @HistoriaNoPaint: Hoje √© anivers√°rio do amor da minha vida, mais conhecida como a senhora Hist√≥ria No Paint  Sem ela n√£o teria conta, po‚Ä¶;0
https://twitter.com/LaysaSilvadeMe1/status/1246957723670982656;RT @HistoriaNoPaint: Hoje √© anivers√°rio do amor da minha vida, mais conhecida como a senhora Hist√≥ria No Paint  Sem ela n√£o teria conta, po‚Ä¶;0
https://twitter.com/pxaa_jssc/status/1246957357692784650;RT @HistoriaNoPaint: Hoje √© anivers√°rio do amor da minha vida, mais conhecida como a senhora Hist√≥ria No Paint  Sem ela n√£o teria conta, po‚Ä¶;0
https://twitter.com/corbp_/status/1246956938639925249;RT @HistoriaNoPaint: Hoje √© anivers√°rio do amor da minha vida, mais conhecida como a senhora Hist√≥ria No Paint  Sem ela n√£o teria conta, po‚Ä¶;0
https://twitter.com/ksaluap/status/1246956934412017665;RT @HistoriaNoPaint: Hoje √© anivers√°rio do amor da minha vida, mais conhecida como a senhora Hist√≥ria No Paint  Sem ela n√£o teria conta, po‚Ä¶;0
https://twitter.com/n1cole_r/status/1246956641859371010;RT @HistoriaNoPaint: Hoje √© anivers√°rio do amor da minha vida, mais conhecida como a senhora Hist√≥ria No Paint  Sem ela n√£o teria conta, po‚Ä¶;0
https://twitter.com/RegattieriCRVG/status/1246956565007085580;Recebi 3 parab√©ns hoje do nada, meu anivers√°rio nem √© hoje porra;0
https://twitter.com/Well_Brigido/status/1246956560779280384;RT @HistoriaNoPaint: Hoje √© anivers√°rio do amor da minha vida, mais conhecida como a senhora Hist√≥ria No Paint  Sem ela n√£o teria conta, po‚Ä¶;0
https://twitter.com/bolinhohmkk/status/1246956517636608001;RT @HistoriaNoPaint: Hoje √© anivers√°rio do amor da minha vida, mais conhecida como a senhora Hist√≥ria No Paint  Sem ela n√£o teria conta, po‚Ä¶;0
https://twitter.com/dilenbela/status/1246956499349442562;RT @HistoriaNoPaint: Hoje √© anivers√°rio do amor da minha vida, mais conhecida como a senhora Hist√≥ria No Paint  Sem ela n√£o teria conta, po‚Ä¶;0
https://twitter.com/welder_cp/status/1246956321620086784;RT @DjTiagoGomes027: Se voc√™ n√£o tivesse partido para esse seu novo mundo estariamos celebrando mais um anivers√°rio seu. Sinto muito sua fa‚Ä¶;0
https://twitter.com/saldanha_virna/status/1246955869415358464;RT @HistoriaNoPaint: Hoje √© anivers√°rio do amor da minha vida, mais conhecida como a senhora Hist√≥ria No Paint  Sem ela n√£o teria conta, po‚Ä¶;0
https://twitter.com/xmavizx/status/1246955743347081216;RT @HistoriaNoPaint: Hoje √© anivers√°rio do amor da minha vida, mais conhecida como a senhora Hist√≥ria No Paint  Sem ela n√£o teria conta, po‚Ä¶;0
https://twitter.com/hppywfuhppylfu/status/1246954623128264710;RT @HistoriaNoPaint: Hoje √© anivers√°rio do amor da minha vida, mais conhecida como a senhora Hist√≥ria No Paint  Sem ela n√£o teria conta, po‚Ä¶;0
https://twitter.com/aeugenios/status/1246954493088055297;RT @elikatakimoto: Hoje padeci. Acordei chorando, desesperada, pessimista, carente. Hoje √© anivers√°rio da minha filha. N√£o posso abra√ß√°-la.‚Ä¶;0
https://twitter.com/lara_evelynn/status/1246954455171575813;RT @victorwhugo_: Hoje √© anivers√°rio do meu av√¥ (vivi - como eu chamo), completando 72 anos e consegue fazer tudo que voc√™ imaginar.;0
https://twitter.com/AnGiefluenza/status/1246954416428781568;RT @HistoriaNoPaint: Hoje √© anivers√°rio do amor da minha vida, mais conhecida como a senhora Hist√≥ria No Paint  Sem ela n√£o teria conta, po‚Ä¶;0
https://twitter.com/ivonepita/status/1246954395050409986;meu pai morreu h√° 5 anos e meio, na manh√£ seguinte ao anivers√°rio do meu irm√£o, no dia 27 meu pai teria feito 81 an‚Ä¶ https://t.co/o4RlAZ3PJw;0
https://twitter.com/victorwhugo_/status/1246954148555259905;Hoje √© anivers√°rio do meu av√¥ (vivi - como eu chamo), completando 72 anos e consegue fazer tudo que voc√™ imaginar.;0
https://twitter.com/moondixv/status/1246953989809283079;oi gente hoje √® meu 2¬∞ anivers√°rio de twitter üëçüèªüëçüèªüëçüèªüëçüèªüëçüèªde presente eu quero um yellow wood limited version‚Ä¶ https://t.co/JSuLwRc4mE;0
https://twitter.com/summ3rsh0rt/status/1246953039426211841;RT @HistoriaNoPaint: Hoje √© anivers√°rio do amor da minha vida, mais conhecida como a senhora Hist√≥ria No Paint  Sem ela n√£o teria conta, po‚Ä¶;0
https://twitter.com/__jjksparkle/status/1246952949412233216;RT @HistoriaNoPaint: Hoje √© anivers√°rio do amor da minha vida, mais conhecida como a senhora Hist√≥ria No Paint  Sem ela n√£o teria conta, po‚Ä¶;0
https://twitter.com/alicefurlannn/status/1246952934908321796;RT @sofiamagalhaees: E hoje que √© aniversario de metade do meu instagram;0
https://twitter.com/CarmoRosiene/status/1246952456178843654;@encrencaredetv Manda um abra√ßo pro meu cunhadinho ‚ù§Allnno hoje e aniversario dele ‚ù§;0
https://twitter.com/_masoq_/status/1246952381025341440;RT @HistoriaNoPaint: Hoje √© anivers√°rio do amor da minha vida, mais conhecida como a senhora Hist√≥ria No Paint  Sem ela n√£o teria conta, po‚Ä¶;0
https://twitter.com/TeikeMeOut/status/1246952118658969602;hoje √© meu anivers√°rio de Muser que o facebook fez quest√£o de me lembrar  4 anos j√°, caraio;0
https://twitter.com/raiissaaaaaaa/status/1246951872616960001;Mais um dia 05/04 sem meu av√¥, hoje seria anivers√°rio  o meu av√¥ que saudade dele!! Deus sabe de todas as coisas, m‚Ä¶ https://t.co/YSYvpz2OU0;0
https://twitter.com/fatgrlbitch/status/1246951559113605123;RT @HistoriaNoPaint: Hoje √© anivers√°rio do amor da minha vida, mais conhecida como a senhora Hist√≥ria No Paint  Sem ela n√£o teria conta, po‚Ä¶;0
https://twitter.com/cranicoladeboch/status/1246951555322073093;Hoje √© anivers√°rio do meu filho de 10 anos, fizemos uma festinha virtual utilizando o Hangouts do @googlebrasil, co‚Ä¶ https://t.co/KX6H7GrUth;0
https://twitter.com/liara_ds/status/1246950541424570368;Ali√°s pessoal HOJE N√ÉO √â MEU ANIVERS√ÅRIO obrigada bjos;0
https://twitter.com/baby_hurricanee/status/1246949556035751938;RT @HistoriaNoPaint: Hoje √© anivers√°rio do amor da minha vida, mais conhecida como a senhora Hist√≥ria No Paint  Sem ela n√£o teria conta, po‚Ä¶;0
https://twitter.com/dudaandrf/status/1246949492437417989;meu anivers√°rio foi dia 03 e tem gente mandando parab√©ns hoje;0
https://twitter.com/KimLevi002/status/1246949345032843265;Eu s√≥ queria uma selca das meninas Poxa Twice hoje e meu anivers√°rio;0
https://twitter.com/faiyleven/status/1246949232524824577;Mano o filho da mari maria nasceu no meu anivers√°rio  e eu ainda disse que ele ia nascer hoje;0
https://twitter.com/DanadaTaii/status/1246949151218245632;RT @Aninhaaaa22: Hoje √© anivers√°rio do amor da minha vida  5 aninhos do bb eu te amo meu amor üòçüë´ titia ama https://t.co/gzPf3FPFl5;0
https://twitter.com/laryssabb/status/1246949129139486721;meu deus eu esqueci que hoje √© o anivers√°rio da minha m√£e;0
https://twitter.com/arieltrippy/status/1246949029130506241;No meu anivers√°rio eu contei pra minhas amigas que o meu sonho de inf√¢ncia √© uma Barbie... e hoje recebo a not√≠cia‚Ä¶ https://t.co/hdmZIJyhYu;0
https://twitter.com/brufsousa/status/1246948216882544643;RT @sofiamagalhaees: E hoje que √© aniversario de metade do meu instagram;0
https://twitter.com/otariboly/status/1246948031116836867;RT @HistoriaNoPaint: Hoje √© anivers√°rio do amor da minha vida, mais conhecida como a senhora Hist√≥ria No Paint  Sem ela n√£o teria conta, po‚Ä¶;0
https://twitter.com/sofiamagalhaees/status/1246947733442826241;E hoje que √© aniversario de metade do meu instagram;0
https://twitter.com/deanmoniaco/status/1246947329300672513;Hoje √© anivers√°rio da minha irm√£ e meu Deus o tanto de besteira que eu j√° comi hoje, amo;0
https://twitter.com/LupaCamara/status/1246946781159739394;RT @HistoriaNoPaint: Hoje √© anivers√°rio do amor da minha vida, mais conhecida como a senhora Hist√≥ria No Paint  Sem ela n√£o teria conta, po‚Ä¶;0
https://twitter.com/dmctcher/status/1246946749324894209;RT @faveyooni: hoje √© anivers√°rio do meu solzinho ‚òÄÔ∏è parab√©ns meu amorzinho, espero que voc√™ tenha um dia incrivel ‚ù§Ô∏èü•∫ mam√£e te ama muito ü•∞‚Ä¶;0
https://twitter.com/conectaeil/status/1246946629636284418;RT @faveyooni: hoje √© anivers√°rio do meu solzinho ‚òÄÔ∏è parab√©ns meu amorzinho, espero que voc√™ tenha um dia incrivel ‚ù§Ô∏èü•∫ mam√£e te ama muito ü•∞‚Ä¶;0
https://twitter.com/paulinha_fdias/status/1246946477844377601;GRATID√ÉO... Gratid√£o resume bem o dia de hoje... em tempos dif√≠ceis para todos n√≥s √© muito bom receber o carinho e‚Ä¶ https://t.co/eTEkC1jGVJ;0
https://twitter.com/RiichardTrader/status/1246945318811426816;Hoje e anivers√°rio do meu Afilhado Arthur.. ‚ù§üòç;0
https://twitter.com/Bobynfenty/status/1246945253145411589;Meu anivers√°rio √© amanh√£ e eu to bebendo hoje https://t.co/svX68jy0VP;0
https://twitter.com/jmtiy/status/1246944805864833024;RT @HistoriaNoPaint: Hoje √© anivers√°rio do amor da minha vida, mais conhecida como a senhora Hist√≥ria No Paint  Sem ela n√£o teria conta, po‚Ä¶;0
https://twitter.com/longhi_duda/status/1246944687526744064;Povo tudo achando que meu anivers√°rio √© hoje KKKKKKK;0
https://twitter.com/melissadene_/status/1246944438699556865;Sim, o tema do meu anivers√°rio de 9 ano foi MANU GAVASSI, e hoje eu quero q ela saia logo do bbb;0
https://twitter.com/dadam_suelen/status/1246944434920529920;Ontem foi meu anivers√°rio e hoje dia dos filhos e o que n√£o me faltam √© motivos pra agradecer tantas ben√ß√£os. Prese‚Ä¶ https://t.co/zIShDMm2ft;0
https://twitter.com/natan_ssoars/status/1246944053301837827;RT @HistoriaNoPaint: Hoje √© anivers√°rio do amor da minha vida, mais conhecida como a senhora Hist√≥ria No Paint  Sem ela n√£o teria conta, po‚Ä¶;0
https://twitter.com/LucasMatteo6/status/1246944049682055168;RT @arianeerr: ai gente hoje √© meu anivers√°rio e eu quero chorar pq √© a primeira vez que vou passar sem poder sair ü§ß;0
https://twitter.com/Fernanda_OliSi/status/1246943661469900800;RT @HistoriaNoPaint: Hoje √© anivers√°rio do amor da minha vida, mais conhecida como a senhora Hist√≥ria No Paint  Sem ela n√£o teria conta, po‚Ä¶;0
https://twitter.com/crlalessa/status/1246943649348366337;RT @HistoriaNoPaint: Hoje √© anivers√°rio do amor da minha vida, mais conhecida como a senhora Hist√≥ria No Paint  Sem ela n√£o teria conta, po‚Ä¶;0
https://twitter.com/raquelb4tista/status/1246943538266456064;RT @HistoriaNoPaint: Hoje √© anivers√°rio do amor da minha vida, mais conhecida como a senhora Hist√≥ria No Paint  Sem ela n√£o teria conta, po‚Ä¶;0
https://twitter.com/GrazieleAraujo0/status/1246942888988205058;hoje √© anivers√°rio da mnh av√≥ e ela t√° chorando p crl lembrando do meu av√¥, porra üò™üò™üò™üò™üò™üò™;0
https://twitter.com/thomasgheller/status/1246941956036534275;RT @HistoriaNoPaint: Hoje √© anivers√°rio do amor da minha vida, mais conhecida como a senhora Hist√≥ria No Paint  Sem ela n√£o teria conta, po‚Ä¶;0
https://twitter.com/gbrlaleite/status/1246941814948577281;Hoje eu esqueci o dia do meu anivers√°rio. Quem me conhece, sabe como isso √© preocupante. A quarentena me destruiu.;0
https://twitter.com/akality/status/1246941742626148357;RT @HistoriaNoPaint: Hoje √© anivers√°rio do amor da minha vida, mais conhecida como a senhora Hist√≥ria No Paint  Sem ela n√£o teria conta, po‚Ä¶;0
https://twitter.com/ultravinience/status/1246941696195268608;hoje faz um m√™s do meu anivers√°rio e tanta coisa mudou desde ent√£o que parecem meses;0
https://twitter.com/affbruh/status/1246941534496395270;Hoje teve bolo, salgadinhos, torta de frango e pudim tudo pra comemorar o anivers√°rio do homem da minha vida! Sim, do meu papai! ü•∞ü•∞;0
https://twitter.com/gihelennaa/status/1246941370830458880;RT @HistoriaNoPaint: Hoje √© anivers√°rio do amor da minha vida, mais conhecida como a senhora Hist√≥ria No Paint  Sem ela n√£o teria conta, po‚Ä¶;0
https://twitter.com/Adriell90866391/status/1246940856407515136;RT @faveyooni: hoje √© anivers√°rio do meu solzinho ‚òÄÔ∏è parab√©ns meu amorzinho, espero que voc√™ tenha um dia incrivel ‚ù§Ô∏èü•∫ mam√£e te ama muito ü•∞‚Ä¶;0
https://twitter.com/DaviBrum18/status/1246940793446809603;Anivers√°rio do meu pai hoje e a fam√≠lia toda resolve fazer uma v√≠deo chamada com 10 c√¢meras. Foi tudo.;0
https://twitter.com/beatrizrsouza/status/1246940403561103362;RT @quueiroz_02: Hoje √© o anivers√°rio desse homem lindo que mora no meu cora√ß√£o e n√£o paga aluguelü•∞ kkkj *Fotos q representam bem nosso lad‚Ä¶;0
https://twitter.com/tata_pdsa/status/1246940379011842053;RT @HistoriaNoPaint: Hoje √© anivers√°rio do amor da minha vida, mais conhecida como a senhora Hist√≥ria No Paint  Sem ela n√£o teria conta, po‚Ä¶;0
https://twitter.com/_LezShipp_/status/1246637201124884482;Como hoje √© meu anivers√°rio e estamos de Karaoke no #BBB2020 vou postar eu cantando tbm.... Bye  https://t.co/xyLb4OmlTn;1
https://twitter.com/Mariazinha8C/status/1246637174558273537;Hoje √© anivers√°rio de uma pessoa maravilhosa que eu amo fuxicar, doida pra ver pessoalmente, tomar umas cacha√ßas tb‚Ä¶ https://t.co/LlD5GZYALm;0
https://twitter.com/penguinjjk/status/1246637104072994819;hm kk hoje √© meu anivers√°rio eu sei ningu√©m liga mas j√° da pra ver os bal√µezinhos no meu perfil, feliz anivers√°rio pra mim;1
https://twitter.com/BrSouza7/status/1246637061333016576;Anivers√°rio do b√™ hoje, meu nen√©m est√° crescendo muito r√°pido, nem parece que era aquela crian√ßa enorme de gorda qu‚Ä¶ https://t.co/xu1bPAAxOM;0
https://twitter.com/LuaC1506/status/1246637017024401409;Hoje √© anivers√°rio de uma das pessoas mais importantes da minha vida, aquela que est√° comigo sempre, meu colo, meu‚Ä¶ https://t.co/DvWz6Hg3cD;0
https://twitter.com/seoulitexo/status/1246636990625349632;gente, hoje √© meu anivers√°rio ü•∫ü•∫ü•∫ https://t.co/w7yo7odeUr;1
https://twitter.com/trem___barbie/status/1246636957352026113;hoje minha m√£e veio perguntar se eu n vou fcr triste se n fizer nenhuma comemora√ß√£o no dia do meu anivers√°rio,e ela‚Ä¶ https://t.co/FLK0b7SI6e;0
https://twitter.com/Alinee1702/status/1246636783741349888;Hoje √© anivers√°rio do meu bem ‚ù§Ô∏èüéâ;0
https://twitter.com/larimarqs/status/1246636728070348800;@mamacielr Feliz anivers√°rio, meu amor!!!!!! que voc√™ receba ben√ß√µes e ben√ß√µes no dia de hoje, te amo macinha ‚ù§Ô∏è‚ù§Ô∏è‚ù§Ô∏è‚ù§Ô∏è‚ù§Ô∏è;0
https://twitter.com/Letiicia0810/status/1246636711192518662;Hoje √© um dia muito especial pra mim . Primeiro anivers√°rio do meu sobrinho que eu vou comemorar com ele.  Eu j√° es‚Ä¶ https://t.co/pLb4zwO5S4;0
https://twitter.com/lieberodrigues2/status/1246636684361506817;Hoje √© anivers√°rio do meu Pequeno Do amor da vida da irm√£ #ArthurFaz4Aninhos #ObrigadaPapaiDoC√©u üôèüèΩ‚ù§Ô∏èü•≥ü•≥ü•≥;0
https://twitter.com/Eduarda_226/status/1246636635023908866;hoje √© anivers√°rio da minha cunhada a √∫nica que atura meu irm√£o kkkkkkü•≥‚ù§;0
https://twitter.com/freitassov/status/1246636598927798272;anivers√°rio do meu namorado hoje e eu nem vou poder ver ele ü•∫ü§ß;0
https://twitter.com/neonblueyg/status/1246636445160411142;@cabellohi e tu acha que t√¥ falando de hoje? karen eu te conhe√ßo muito bem viu duvido nada tu fazer um compilado do‚Ä¶ https://t.co/Qb18dJXiuR;0
https://twitter.com/tainadash/status/1246636415120801799;Hoje, 5 de abril, seria anivers√°rio do meu pai, se ele ainda estivesse nesse plano. Ficam as boas lembran√ßas E UM F‚Ä¶ https://t.co/egozKVhcv3;0
https://twitter.com/elisarthx/status/1246636357046468608;hoje √© anivers√°rio do homem que √© meteorologista, coach, dublador, bil√≠ngue, jurado do oscar, pai de pet e meu g√™me‚Ä¶ https://t.co/q4bWVjBAm1;0
https://twitter.com/captnxwidow/status/1246636306534367232;HOJE √â MEU ANIVERS√ÅRIO OBRIGADA PELO MELHOR PRESENTE #LiveJeM;1
https://twitter.com/Andresamello8/status/1246636210887503872;E hoje o meu gatinho est√° fazendo mais um aninho de vidaaaaa!!! Feliz anivers√°rio, meu amor.  2.1 https://t.co/IODihl55Y3;0
https://twitter.com/whoreontequiIa/status/1246636194244571140;saudade de ser crian√ßa e achar que meu anivers√°rio √© um dia especial. hoje foi o dia do ano que mais me senti um li‚Ä¶ https://t.co/PSIhTvLULp;1
https://twitter.com/Mila__Souza/status/1246636077617680385;Hoje √© seu anivers√°rio meu amor e eu n√£o posso deixar de dizer o quanto √© bom poder estar do seu lado. Voc√™ √© a pes‚Ä¶ https://t.co/pYPhj6OUHn;0
https://twitter.com/anotherjoaozin/status/1246636025331552256;Hoje √© anivers√°rio de 1 ano do meu nen√©m, DO MLK MAIS LINDO DO TIO: MEU SOBRINHO ü•∞ü•∞ü•∞ü•∞üòçüòçüòçüòòüòò‚ù§Ô∏è‚ù§Ô∏è‚ù§Ô∏è‚ù§Ô∏èüåπüåπüåπüåπüåπ;0
https://twitter.com/negapreta18/status/1246635974743986177;hoje √© anivers√°rio do meu padrinho;0
https://twitter.com/beahltl/status/1246635947619475458;Oi, hoje √© meu anivers√°rio, ser√° que voc√™ poderia me dar parab√©ns? https://t.co/LbqK0oRmwW;1
https://twitter.com/ffcprt_/status/1246635847904043041;@stsoyl meu anivers√°rio n√£o √© hoje;0
https://twitter.com/niaIIzg/status/1246635818191642624;HOJE √â O MEU ANIVERS√ÅRIO DE 18 ANOS AAAAAAAA https://t.co/zBXSpnev34;1
https://twitter.com/KaiqueSouza97/status/1246635796347662337;Anivers√°rio do meu primo porraaa, desce whisky que hoje a madrugada √© longa;0
https://twitter.com/guidacaligrafia/status/1246635778664431616;anivers√°rio hoje do meu amigo mais antigo e eu n√£o vou poder dar nenhum abra√ßo nele;0
https://twitter.com/oeloazul/status/1246635768438800386;@ValescaOficial por favor cante bebida que pisca, hoje √© meu anivers√°rio üò¢;1
https://twitter.com/captnxwidow/status/1246635734511030274;ninguem liga mas HOJE √â MEU ANIVERS√ÅRIO  PARAB√âNS PRA MIM 19 anos meu deus üò≠ https://t.co/aZlWE1c9co;1
https://twitter.com/eu_nathy98/status/1246635538691522560;Hoje √© o anivers√°rio da pessoa mais importante da minha vidaa amo tanto esse grt incr√≠vel,engra√ßado da minha vida k‚Ä¶ https://t.co/TXT4KeiKAF;0
https://twitter.com/jessycaLima07/status/1246635483372945408;Hoje √© anivers√°rio do meu amigo gringoüòçüòçüòçüò≠;0
https://twitter.com/jefersoncullen/status/1246635433020346368;@docehomen Oh gente eu t√¥ em casa,  hoje √©  anivers√°rio do meu irm√£o https://t.co/0NbaLykTHd;0
https://twitter.com/rjlpklein/status/1246635304318099456;@jorgeemateus , que live topzera. Toca por favor como n√£o me apaixonar - p.s hoje √© meu anivers√°rio. Nunca pedi nada rsrsrs;1
https://twitter.com/jpzada157/status/1246635268758810625;Hoje √© tudo pelo anivers√°rio do meu irm√£o;0
https://twitter.com/bitofrain/status/1246635216548102146;HOJE √â ANIVERS√ÅRIO DO MEU TORRONINHO AAAAAAAAAAAAAAAAAAAAAAA;0
https://twitter.com/guihernandesss/status/1246635138487812098;meu anivers√°rio √© daqui 11 dias, e Ana me mandou Parab√©ns hoje kakakakak;0
https://twitter.com/viniicamaleao/status/1246634945507966977;Hoje √© anivers√°rio do homem! Festa na favela e tiro p alto! Meu cunhado @LeeanMateus üíõ;0
https://twitter.com/leonorctk_/status/1246634720206761985;HOJE √â ANIVERS√ÅRIO DO MEU NAMORADO AAAAAAAAA;0
https://twitter.com/faiyleven/status/1246634712636051456;Oi gente hoje √© meu anivers√°rio ü•∫ü§≠üíÅ‚Äç‚ôÄÔ∏è https://t.co/jw94xtpxPn;1
https://twitter.com/missamericanra/status/1246634529076494339;OI GENTRR HOJE √â MEU ANIVERS√ÅRIO;1
https://twitter.com/minkytulip/status/1246634528531251201;ent√£o hoje √© meu anivers√°rio, feliz anivers√°rio pra mim ü•≥ü§üüèº https://t.co/IaKv54fagB;1
https://twitter.com/MohAmaral/status/1246634480976244738;Hoje recebi um √°udio no wpp com uma linda mensagem de feliz anivers√°rio!  O √∫nico detalhe √© que o meu anivers√°rio √© dia 06 de dezembro;0
https://twitter.com/Belaasoares_/status/1246634438026502144;Hoje √© o anivers√°rio da minha melhor amiga, da pessoa que eu confio de olhos fechado e que agrade√ßo todos os dias p‚Ä¶ https://t.co/mEs7DSLmlV;0
https://twitter.com/leonorctk_/status/1246634271714021377;... !! Oi meu homenzinho. Pra voc√™, hoje √© um dia comum como qualquer outro, maaaas, na verdade √© o seu anivers√°rio‚Ä¶ https://t.co/qO6PPz2E3o;0
https://twitter.com/BrumPatrick/status/1246634208526770176;Hoje √© anivers√°rio do meu pai, meu her√≥i sem capa;0
https://twitter.com/blwntchett/status/1246634177044283392;voc√™ √© a melhor pessoa do mundo inteiro, nunca se esque√ßa que eu to aqui pra voc√™ sempre!! obrigada por ter me atur‚Ä¶ https://t.co/JyRwxGzZM3;0
https://twitter.com/shineboynton/status/1246633951172743170;HOJE √â MEU ANIVERS√ÅRIO AAAAAAAAAAAAAAAAAAAAAAAA https://t.co/LkGY9aVyFm;1
https://twitter.com/xmarns/status/1246633894969049090;eba hoje √© meu anivers√°rio, grande dia üëçüèΩ;1
https://twitter.com/sinacoeur/status/1246633837607747587;SIM VADIA HOJE √â O MEU ANIVERS√ÅRIO SIM https://t.co/2P7A4CxecZ;1
https://twitter.com/gioeliiza/status/1246633826954219520;ok hoje √© meu anivers√°rio e eu to perguntando a Deus o que eu fiz de t√£o errado pra minha m√£e fazer BACALHAU no almo√ßo;1
https://twitter.com/brierobbie/status/1246633748646559750;ningu√©m se importa mas hoje √© o meu anivers√°rio. ü•≥üéâüéâüéÇ e vamos de celebrar aqui mesmo no site (finalmente posso ser‚Ä¶ https://t.co/k3dHPIQZxL;1
https://twitter.com/agkluthien/status/1246632999858421761;A coisa mais linda do meu dia: meu melhor amigo √© um homem trans,em processo de transi√ß√£o. Hoje foi anivers√°rio del‚Ä¶ https://t.co/1nRMsgDkCv;0
https://twitter.com/isaymarques/status/1246632928924311552;se eu n√£o chorei hoje com Jorge e Mateus quarta eu choro com Mar√≠lia Mendon√ßa, pq al√©m de ser meu anivers√°rio vou b‚Ä¶ https://t.co/mbiCurhmku;0
https://twitter.com/marcellelev_/status/1246631803944939525;Meu tio meteu um furdun√ßo hoje na rua e disse que no meu anivers√°rio vai fazer igual, ser√°? KKKKKKKKK;0
https://twitter.com/wtfcmendes/status/1246631762714910721;bro, ontem foi anivers√°rio da pessoa fiz quest√£o de esperar da meia noite pra desejar parab√©ns, mandei textinho e t‚Ä¶ https://t.co/BWnm7ehuG5;0
https://twitter.com/ninadelrey_/status/1246631457424015362;ok m√°rnia comemorando meu anivers√°rio msm longe  e me mandando um v√≠deo com a vick cantando parab√©ns pra mim com o‚Ä¶ https://t.co/Mp5ZorNCRs;1
https://twitter.com/zKaioGabriel/status/1246631446229417985;Hoje me escreveram um puta text√£o de anivers√°rio e tals, mas tipo, n√£o √© meu anivers√°rio (?????);0
https://twitter.com/Vt_sete7/status/1246631055102218240;@Anderson33luiz Hoje √© meu anivers√°rio mano;1
https://twitter.com/_btzff/status/1246630733034278912;E uma amiga minha que me chamou agora pra me pedir perd√£o por ter esquecido meu anivers√°rio. Hoje √© dia 4 de abril.‚Ä¶ https://t.co/JhJ1fr8iR2;0
https://twitter.com/LannaSodre/status/1246630726562430977;hoje √© anivers√°rio do meu amigo mal√©fico, filho do halloween com a mother monster, @HausOFJeans. üñ§ miser√°vel, a cad‚Ä¶ https://t.co/tAKV0ZANvq;0
https://twitter.com/towerslx/status/1246630233802977280;E minha m√£e que publicou uma foto em homenagem meu av√¥ que faria anivers√°rio hoje e na foto ele t√° id√™ntico ao bols‚Ä¶ https://t.co/keWWUeEMgu;0
https://twitter.com/LucasCorreiaP/status/1246629874003054592;@danevampirinha nossa √© verdade esse bilhete, quando fiz 18 comecei a gostar de pagode, e engra√ßado que logo depois‚Ä¶ https://t.co/khFS14PMr7;0
https://twitter.com/palacejjmin/status/1246629230995259394;Hoje √© o anivers√°rio do meu bebezinho Parab√©ns ondreaz üòîüòîüòîüòîüòîüíôüíôüíô @ondreazlopez https://t.co/aSR9LwgVkU;0
https://twitter.com/rinsoka/status/1246628947678330881;MEU DEUS, HOJE √â ANIVERS√ÅRIO DO SUBIN, S√ì LEMBREI AGDORAFHGDGGJHS;0
https://twitter.com/FLordesbotada/status/1246628865365225477;Hoje ainda √© 4 Elvira t√° preocupada como vai fazer pra comemorar meu anivers√°rio kkkk oh anjo desista;0
https://twitter.com/gabriellybrownn/status/1246628408886546432;Estou t√£o bipolar, que passei a semana toda animada pra meu anivers√°rio. E chega hoje, eu t√¥ desanimada demais;0
https://twitter.com/maah_mafra/status/1246628255865671680;Hoje √© anivers√°rio do meu amor, @SCInternacional. N√£o sei dizer por meio de palavras o que essa sele√ß√£o significa p‚Ä¶ https://t.co/IJfmiXSwxa;0
https://twitter.com/milattractive/status/1246628228141285379;hoje √© o anivers√°rio do meu pai e amanh√£ √© o da minha irm√£ https://t.co/LIpE3gBA6f;0
https://twitter.com/ClaudiaWasilews/status/1246627917674799105;Meu anivers√°rio foi dia 14. Hoje ganhei presente e adorei! Sei que ganhei ganhei uma fritadeira el√©trica, mas essa‚Ä¶ https://t.co/8hNXMEZz3D;0
https://twitter.com/Maumau20010/status/1246627029283483649;@CJ_Ssantos √â que √© meu anivers√°rio de namoro hoje, por isso t√£o atendendo os pedidos ahahhahahha;0
https://twitter.com/taila_estefane/status/1246625970448224256;Hoje √© anivers√°rio do meu irm√£o ele ficou todo felizinho com o rel√≥gio que eu dei!;0
https://twitter.com/marcioppersonal/status/1246625632534044672;#Comigo Voc√™s melhoraram meu dia 100%. Hoje √© anivers√°rio da minha filha La√≠s, 11 aninhos. Como sou Pai separado, n‚Ä¶ https://t.co/U26mgPIc15;0
https://twitter.com/kk4pp3s/status/1246625438853627904;dia do meu anivers√°rio onde eu passei 23h25minutos ate agr querendo chorar e odiando ter que viver pq eu simplesmen‚Ä¶ https://t.co/TiUPKl558Y;0
https://twitter.com/ressaquinha1/status/1246624967694987271;o fato de 1/3 dos brasileiros estarem bebados hoje (por conta do jorge e do mateus) contempla o meu desejo de embre‚Ä¶ https://t.co/BEkkduRYlR;0
https://twitter.com/FabioKamikihara/status/1246623360265699328;Meu anivers√°rio hoje, e eu chorando pela pessoa que eu amo E eu achando que j√° tinha superado mkkkk;1
https://twitter.com/__Brunax_/status/1246623198914981890;Hoje √© o anivers√°rio do meu Moz√£o, sou apaixonada!üòç #Inter111Anos;0
https://twitter.com/LMorgeinstern/status/1246622824426606595;hoje √© aniversario do MELHOR VIL√ÉO q o mundo das sombras j√° viu! o meu amor Jonathan Christopher MORGENSTERN #bday‚Ä¶ https://t.co/TR1y3aGTch;0
https://twitter.com/feioqueso/status/1246622360523988992;Hoje √© anivers√°rio do #Cazuza e fiz essa homenagem atrav√©s da pintura. Feliz anivers√°rio, Caju, meu amor üíô‚Ä¶ https://t.co/d5hvFhiV13;0
https://twitter.com/IarissaGn/status/1246621497076170753;Meu ex que falou com a m√£e que hoje √© meu anivers√°rio e ela n perde uma oportunidade de falar que gosta de mim, de‚Ä¶ https://t.co/2FijHkIxQa;0
https://twitter.com/_GbhGtz/status/1246621491753635849;Quarta √© meu anivers√°rio e eu tinha feito tantos planos pra comemorar, ia come√ßar hoje mesmo. Mas isso foi antes da‚Ä¶ https://t.co/6mgOaqpjzP;0
https://twitter.com/guto_iorio/status/1246620923282808832;√â anivers√°rio do meu pai hoje, essa live do jorge e mateus t√° errando muito...  deveria ser do zeca, arlindo, sombr‚Ä¶ https://t.co/MLi2yRpfp5;0
https://twitter.com/35zero11/status/1246620669078638594;Hoje fez uma semana que fiz anivers√°rio, e hoje faz uma semana que a galera aqui faz bolo todos dias ‚ù§Ô∏è todo dia e‚Ä¶ https://t.co/gmVEwM8bTF;0
https://twitter.com/esquerdomag/status/1246620647213666305;o altas horas de hoje √© reprise do programa que passou no dia do meu anivers√°rio  grande merda, n√©;0
https://twitter.com/AndrinaPaloma/status/1246620600082161665;Hoje era o dia de um dos meus anjos, que virou meu cunhado ,s√≥ queria que ele estivesse aqui pra gente comemorar ju‚Ä¶ https://t.co/ZJbohLfFWx;0
https://twitter.com/Maquivori/status/1246637181512437761;RT @penguinjjk: hm kk hoje √© meu anivers√°rio eu sei ningu√©m liga mas j√° da pra ver os bal√µezinhos no meu perfil, feliz anivers√°rio pra mim;0
https://twitter.com/BunnyFeveer/status/1246637103938707456;RT @tainadash: Hoje, 5 de abril, seria anivers√°rio do meu pai, se ele ainda estivesse nesse plano. Ficam as boas lembran√ßas E UM FILME PRON‚Ä¶;0
https://twitter.com/DonaRosaNegra/status/1246636977103024128;RT @tainadash: Hoje, 5 de abril, seria anivers√°rio do meu pai, se ele ainda estivesse nesse plano. Ficam as boas lembran√ßas E UM FILME PRON‚Ä¶;0
https://twitter.com/Erik_Vinicuis/status/1246635915172360192;RT @eu_nathy98: Hoje √© o anivers√°rio da pessoa mais importante da minha vidaa amo tanto esse grt incr√≠vel,engra√ßado da minha vida kkkk,Te a‚Ä¶;0
https://twitter.com/PrincesinhaPxx/status/1246635679146291206;RT @eu_nathy98: Hoje √© o anivers√°rio da pessoa mais importante da minha vidaa amo tanto esse grt incr√≠vel,engra√ßado da minha vida kkkk,Te a‚Ä¶;0
https://twitter.com/blarckparade/status/1246635242049454086;RT @blwntchett: voc√™ √© a melhor pessoa do mundo inteiro, nunca se esque√ßa que eu to aqui pra voc√™ sempre!! obrigada por ter me aturado at√©‚Ä¶;0
https://twitter.com/PauloMoret1/status/1246634076330696706;RT @feioqueso: Hoje √© anivers√°rio do #Cazuza e fiz essa homenagem atrav√©s da pintura. Feliz anivers√°rio, Caju, meu amor üíô #cazuza62 #baraov‚Ä¶;0
https://twitter.com/henrialves_m/status/1246629111340183559;RT @sapphicchaos: em 2016 eu ganhei uma caneca da dani e da eleonora e sem querer ela quebrou na hora que eu tava lavando ai blz 2017 no me‚Ä¶;0
https://twitter.com/LidianeSenaa/status/1246627939199995906;RT @Neggaas2: Hoje √© o dia mais especial de todo o ano: o meu anivers√°rio! Parab√©ns para mim! +1 ano e que nunca me falte sa√∫de para aprove‚Ä¶;0
https://twitter.com/Leerinhasfd/status/1246625679489347585;RT @alvesandre_6: Hoje √© dia de festa, pois o melhor irm√£o do mundo completa mais um ano de vida. Feliz anivers√°rio! Que o seu caminho seja‚Ä¶;0
https://twitter.com/mieuxtae/status/1246625403688628225;RT @jhoseokfave: EAE PUTADA DO CARALHO HOJE √â MEU ANIVERS√ÅRIO AMO Q AMO üëâüíñüéÅüíòüéàüéâüéäüß°üíôüíñ https://t.co/YRbuLaELsW;0
https://twitter.com/clarkedetaiils/status/1246623899061755906;RT @reasonsiany: Vida hoje √© meu anivers√°rio e desculpar ficar pedindo pq sei q deve ser chato mas eu ficaria mto mto feliz se vc pudesse m‚Ä¶;0
https://twitter.com/_weirdmood/status/1245852866314506245;Hoje √© meu anivers√°rio e eu chorei umas 15 vezes j√°;1
https://twitter.com/_weirdmood/status/1245852866314506245;Hoje √© meu anivers√°rio;1
https://twitter.com/_weirdmood/status/1245852866314506245;Hoje n√£o √© meu anivers√°rio;0
https://twitter.com/CellyOliveira19/status/1245766455771172865;Hoje √© o meu anivers√°rio, hoje completo mais um ciclo da minha vida. Entre altos e baixos eu t√¥ aqui firme e de p√©,  eu sou grata ao senhor por sempre me reergue!!!!!! üôáüèæ‚Äç‚ôÄÔ∏èBola com confetesCorneta de festa;1
https://twitter.com/NTemplario13/status/1244294549960343552;Hoje √© meu anivers√°rio, feliz por mais um ano, e triste por me encontrar nessa data em meio a uma pandemia... ent√£o, meu presente de anivers√°rio √© q voc√™s orem por todas as fam√≠lias q est√£o perdendo os seus entes queridos para esse v√≠rus. Q Deus proteja aqueles q est√£o nessa luta;1
https://twitter.com/MauricioSanzi/status/1245852158953734144;Hoje √© dia de agradecer ao @SPFCBASQUETEBOL pela lembran√ßa do meu anivers√°rio. Pena que estamos longe das quadras.‚Ä¶ https://t.co/9ArwwCmAeZ;1
https://twitter.com/weiserxx/status/1245851675673452545;@vivsfreitas_ hoje √© teu anivers√°rio???? meu deuss PARABENSS;1
https://twitter.com/anyxsummer/status/1245849805357801472;@anygabrielly @nahcardoso @erickmafra any meu anivers√°rio √© hoje voc√™ pode me dar parab√©ns??;1
https://twitter.com/obrunovitor/status/1245848553202823168;@ballandcat sim, hoje √© meu anivers√°rio em m√™s errado;1
https://twitter.com/nunesthama/status/1245846921652195328;@pjmvegan Feliz anivers√°rio meu bem! Muita luz, ben√ß√µes e felicidades ü•∞ saiba que hoje √© um dia mais que especial n‚Ä¶ https://t.co/KPdMX7pJZf;1
https://twitter.com/aprigio_vitoria/status/1245845558453047296;@anygabrielly @nahcardoso @erickmafra @anygabrielly hoje e meu anivers√°rio me dar parab√©ns por favor üôèüèºüíñüíñ;1
https://twitter.com/moonsuckss/status/1245844215445274625;@jhopixx @emobixona mas hoje √© meu anivers√°rio;1
https://twitter.com/sabioshlin/status/1245843784786739201;@NowUnitedMusic any, hoje √© meu anivers√°rio ü•∫;1
https://twitter.com/sabioshlin/status/1245842328062959616;@anygabrielly @sofioliveiraa anyyy, hoje √© meu anivers√°rio ü•∫;1
https://twitter.com/1ronic_life/status/1245841587697070083;Eae menor ficando mais velho hoje em! Aee sim... Meu Rei t√° ligado muitos anos de parceria e amizade, saiba que sem‚Ä¶ https://t.co/pRIFApQtKl;1
https://twitter.com/luizhen22654852/status/1245840085351882752;@arrobalarasilva @dougoliverx ei fada, hoje √© meu anivers√°rio, um dos meus sonhos era q vc falasse cmgüíñüíñüò≠;1
https://twitter.com/caxchemar/status/1245838116306522115;hoje √© meu anivers√°rio estou emotiva e feliz sla to doida;1
https://twitter.com/garotacremosy/status/1245853640893452288;RT @Joottacrf: Hoje √© o meu anivers√°rio e quero agradecer a Deus. Pois sinto o cora√ß√£o cheio de gratid√£o, pela minha vida, pela minha fam√≠l‚Ä¶;0
https://twitter.com/sofiaconstance/status/1245853550510370817;Hoje √© o anivers√°rio do meu tio que faleceu. Ningu√©m tocou no assunto por aqui. Acho muito dif√≠cil minha av√≥ ter es‚Ä¶ https://t.co/d1fIdUKzML;0
https://twitter.com/esterbraz_/status/1245853453449957381;Hoje √© anivers√°rio do meu pai e ele tentou me arrancar do arm√°rio sem querer. N√£o sei se essa informa√ß√£o √© um prese‚Ä¶ https://t.co/gyM5lS7vUi;0
https://twitter.com/rndoilhao05/status/1245853158426808322;RT @Joottacrf: Hoje √© o meu anivers√°rio e quero agradecer a Deus. Pois sinto o cora√ß√£o cheio de gratid√£o, pela minha vida, pela minha fam√≠l‚Ä¶;0
https://twitter.com/siqueira_lucasv/status/1245853105452920832;RT @naosalvo: A quarentena tinha tudo pra estragar meu anivers√°rio maaaasssss imprimir um banner de 1.60m do Babu de pijama e um de 1,20m d‚Ä¶;0
https://twitter.com/Joottacrf/status/1245852540786184192;RT @Joottacrf: Hoje √© o meu anivers√°rio e quero agradecer a Deus. Pois sinto o cora√ß√£o cheio de gratid√£o, pela minha vida, pela minha fam√≠l‚Ä¶;0
https://twitter.com/brennoreis44/status/1245852427841974272;tava crente crente que hoje era sexta, tinha at√© postado bglh que era amanh√£ meu anivers√°rio kkkkkk mas hoje √© quinta ainda, marolei legal;0
https://twitter.com/naosoubonito/status/1245852170773282819;RT @naosalvo: A quarentena tinha tudo pra estragar meu anivers√°rio maaaasssss imprimir um banner de 1.60m do Babu de pijama e um de 1,20m d‚Ä¶;0
https://twitter.com/PridezR6/status/1245851908184686593;RT @naosalvo: A quarentena tinha tudo pra estragar meu anivers√°rio maaaasssss imprimir um banner de 1.60m do Babu de pijama e um de 1,20m d‚Ä¶;0
https://twitter.com/algum_cara/status/1245851881907380226;RT @naosalvo: A quarentena tinha tudo pra estragar meu anivers√°rio maaaasssss imprimir um banner de 1.60m do Babu de pijama e um de 1,20m d‚Ä¶;0
https://twitter.com/exterzinhaaa/status/1245851856384868352;Hoje √© niver do meu cunhado, h√° de chegar o dia em que darei de presente de anivers√°rio s√≥ a√ß√µes pra ele;0
https://twitter.com/lolitt21/status/1245851134146863105;Hoje √© anivers√°rio do homem da minha vida ! Meu Lorenzinho üíï;0
https://twitter.com/lucasgagui/status/1245850807888560128;hoje √© anivers√°rio do meu pai √© amanh√£ vamos fazer um churrasco aqui s√≥ com o pessoal de casa e finalmente eu vou e‚Ä¶ https://t.co/457OAk41fS;0
https://twitter.com/GrapheneBoi/status/1245850794190090240;RT @naosalvo: A quarentena tinha tudo pra estragar meu anivers√°rio maaaasssss imprimir um banner de 1.60m do Babu de pijama e um de 1,20m d‚Ä¶;0
https://twitter.com/btchfcks1999/status/1245850521254137857;RT @mingiarts: eu: hoje eu durmo cedo seonghwa: calma que √© meu anivers√°rio;0
https://twitter.com/AmandaLucass16/status/1245849988061511680;Anivers√°rio de mam√£e hoje, sai e comprei tudo que ela gosta.  Chamei minha v√≥, os meus tios, meus primos.  Cara, n√£‚Ä¶ https://t.co/W9f5Pl3C8Y;0
https://twitter.com/marloonvs/status/1245849965366312960;RT @naosalvo: A quarentena tinha tudo pra estragar meu anivers√°rio maaaasssss imprimir um banner de 1.60m do Babu de pijama e um de 1,20m d‚Ä¶;0
https://twitter.com/_jhecarelli/status/1245849695844524032;Eu tenho que tirar o rosa hoje do meu cabelo e eu to com tanta d√≥, t√° t√£o rosa, do jeitinho que eu queria, mas eu n‚Ä¶ https://t.co/qHXGpTVCye;0
https://twitter.com/ironiaawn/status/1245849565846257668;hoje √© aniversario do meu irm√£o e acho que irei fazer um bolo de cenoura pra ele √© o √∫nico bolo que ele gosta;0
https://twitter.com/JairoLima000/status/1245849234844286977;@ManuelaDavila @FlavioDino Ano passado escolhi o Maranh√£o pra passar o meu anivers√°rio. Teve os Len√ß√≥is, tambor de‚Ä¶ https://t.co/mA43UcNhWt;0
https://twitter.com/ttkvince/status/1245849040098648065;hoje √© anivers√°rio do meu pai, que deus o tenha pprrt, em breve tem mais m√∫sica na pista e sei que de onde vc ta va‚Ä¶ https://t.co/9fT2bdmRHN;0
https://twitter.com/VictorMagdenier/status/1245848923480231940;RT @AdryanB01: Hoje √© anivers√°rio do meu parceiro NS um dos mais moleque de vv;0
https://twitter.com/xVitoria_m/status/1245848427528937478;hoje, e eu ainda descobrindo merdas que aconteceram no meu anivers√°rio;0
https://twitter.com/pl4ywithmypussy/status/1245848362890518529;Hoje √© anivers√°rio do meu irm√£o que desapareceu e eu j√° chorei tanto S√≥ queria uma resposta;0
https://twitter.com/AdryanB01/status/1245848309639647233;Hoje √© anivers√°rio do meu parceiro NS um dos mais moleque de vv;0
https://twitter.com/whyhongsan/status/1245848259320524801;RT @mingiarts: eu: hoje eu durmo cedo seonghwa: calma que √© meu anivers√°rio;0
https://twitter.com/alvess_jessicar/status/1245848148838408194;"RT @kl1mroth: meu bisav√¥ t√° fazendo 91 anos hoje minha m√£e ligou pra ele pra dar feliz anivers√°rio a√≠ ele ""minha filha voc√™ t√° enclausurada‚Ä¶";0
https://twitter.com/Ronaldin70mil/status/1245847988532137986;RT @CellyOliveira19: Hoje √© o meu anivers√°rio, hoje completo mais um ciclo da minha vida. Entre altos e baixos eu t√¥ aqui firme e de p√©,  e‚Ä¶;0
https://twitter.com/GabsMariola/status/1245847893543653381;RT @naosalvo: A quarentena tinha tudo pra estragar meu anivers√°rio maaaasssss imprimir um banner de 1.60m do Babu de pijama e um de 1,20m d‚Ä¶;0
https://twitter.com/Yasmiiiim01/status/1245847453330558977;@theushp_ poxa meu anivers√°rio √© em julho meu bem, n√£o √© hoje n√£o t√° mas t√° quase chegando;0
https://twitter.com/Plfvieira/status/1245846183567859713;e o pi√£o que agora t√° vindo at√© mim, mais uma vez meu primo t√° dando uma social, amanha √© aniversario dele e hoje j√° t√° o funk estralando;0
https://twitter.com/victorkuroiwa/status/1245845764254859264;RT @naosalvo: A quarentena tinha tudo pra estragar meu anivers√°rio maaaasssss imprimir um banner de 1.60m do Babu de pijama e um de 1,20m d‚Ä¶;0
https://twitter.com/latingirlI/status/1245845314973642754;hoje √© anivers√°rio do meu amigo e a festa vai ser pelo house party kkkkkkkkkkkkkk;0
https://twitter.com/Kakau2pp/status/1245845223659335681;RT @CellyOliveira19: Hoje √© o meu anivers√°rio, hoje completo mais um ciclo da minha vida. Entre altos e baixos eu t√¥ aqui firme e de p√©,  e‚Ä¶;0
https://twitter.com/marcos_smaili/status/1245845101051437057;RT @naosalvo: A quarentena tinha tudo pra estragar meu anivers√°rio maaaasssss imprimir um banner de 1.60m do Babu de pijama e um de 1,20m d‚Ä¶;0
https://twitter.com/luanzequin/status/1245845049381916672;RT @naosalvo: A quarentena tinha tudo pra estragar meu anivers√°rio maaaasssss imprimir um banner de 1.60m do Babu de pijama e um de 1,20m d‚Ä¶;0
https://twitter.com/JoSaNToSSilva/status/1245844894775640064;E no meio de tanto caos, preocupa√ß√£o e not√≠cia ruim, ganhei um present√£o hoje!   Um afilhado com nome de poeta que‚Ä¶ https://t.co/AwdvUfM0OD;0
https://twitter.com/favsjongho/status/1245844638558310403;RT @mingiarts: eu: hoje eu durmo cedo seonghwa: calma que √© meu anivers√°rio;0
https://twitter.com/opa_meu_mell/status/1245844441459499008;RT @marizacoelho: Queridos amigos: se vcs fizerem anivers√°rio por esses dias eu posso esquecer pois n√£o sei nem que dia √© hoje;0
https://twitter.com/coronga_bot/status/1245844428763402243;RT @arianomaldito: Se n√£o respondi algu√©m, me desculpa, muita loucura de ontem pra hoje mas li todas msg, e obrigado de cora√ß√£o todo mundo‚Ä¶;0
https://twitter.com/arianomaldito/status/1245844406797811717;Se n√£o respondi algu√©m, me desculpa, muita loucura de ontem pra hoje mas li todas msg, e obrigado de cora√ß√£o todo m‚Ä¶ https://t.co/XkAYdWY65T;0
https://twitter.com/mingiarts/status/1245844332940312583;eu: hoje eu durmo cedo seonghwa: calma que √© meu anivers√°rio https://t.co/lLxSus2RjB;0
https://twitter.com/Bryc4r4lh4/status/1245844212081287168;RT @naosalvo: A quarentena tinha tudo pra estragar meu anivers√°rio maaaasssss imprimir um banner de 1.60m do Babu de pijama e um de 1,20m d‚Ä¶;0
https://twitter.com/balzxn/status/1245844157026967560;Hoje √© anivers√°rio do meu irm√£o, s√≥ queria t√° l√° com ele;0
https://twitter.com/MatheusFurlaa/status/1245843986931052545;RT @naosalvo: A quarentena tinha tudo pra estragar meu anivers√°rio maaaasssss imprimir um banner de 1.60m do Babu de pijama e um de 1,20m d‚Ä¶;0
https://twitter.com/pbedybala/status/1245843668810022913;anivers√°rio do pjanic hoje e eu lembro desse fav dele no meu tweet ü§é https://t.co/w14WrNnCX4;0
https://twitter.com/ystormisah/status/1245843529731096577;RT @naosalvo: A quarentena tinha tudo pra estragar meu anivers√°rio maaaasssss imprimir um banner de 1.60m do Babu de pijama e um de 1,20m d‚Ä¶;0
https://twitter.com/_sthefanyborges/status/1245843393265238018;Hoje √© anivers√°rio do meu primo, e a namorada dele fez um bolinho com o tema do COVID-19 e os enfeites da mesa fora‚Ä¶ https://t.co/zzS5F9PHk9;0
https://twitter.com/isadorapohlmann/status/1245843279217856513;meu pai me deu meu presente de anivers√°rio hoje e gra√ßas a deus vou ter bastante conte√∫do p absorver at√© o fim da quarentena;0
https://twitter.com/JuHbk/status/1245843095872311296;RT @naosalvo: A quarentena tinha tudo pra estragar meu anivers√°rio maaaasssss imprimir um banner de 1.60m do Babu de pijama e um de 1,20m d‚Ä¶;0
https://twitter.com/george_theo_/status/1245842786697359362;"RT @kl1mroth: meu bisav√¥ t√° fazendo 91 anos hoje minha m√£e ligou pra ele pra dar feliz anivers√°rio a√≠ ele ""minha filha voc√™ t√° enclausurada‚Ä¶";0
https://twitter.com/fe_motaa/status/1245842478181253121;RT @DavidRozar: Hoje √© anivers√°rio do meu M√¥zi. @fe_motaa ‚ô•Ô∏è‚ô•Ô∏è‚ô•Ô∏è https://t.co/hDK29vyDcU;0
https://twitter.com/breninpressaum/status/1245842354327695360;RT @naosalvo: A quarentena tinha tudo pra estragar meu anivers√°rio maaaasssss imprimir um banner de 1.60m do Babu de pijama e um de 1,20m d‚Ä¶;0
https://twitter.com/Raziel30903749/status/1245842274845462529;RT @naosalvo: A quarentena tinha tudo pra estragar meu anivers√°rio maaaasssss imprimir um banner de 1.60m do Babu de pijama e um de 1,20m d‚Ä¶;0
https://twitter.com/_bergaminb7/status/1245842188518526981;"RT @kl1mroth: meu bisav√¥ t√° fazendo 91 anos hoje minha m√£e ligou pra ele pra dar feliz anivers√°rio a√≠ ele ""minha filha voc√™ t√° enclausurada‚Ä¶";0
https://twitter.com/Paivaxxt7/status/1245841904991944704;RT @Mh_marrentao7: √â meu irm√£o hoje √© seu anivers√°rio e voc√™ n√£o est√° aqui pra comemorar, hoje era dia de tomar aquele √°lcool que voc√™ gost‚Ä¶;0
https://twitter.com/willy_amaral/status/1245841805293256707;Hoje √© anivers√°rio do meu irm√£o mais velho e a mulher dele fez uma supresa pra ele, ele chegou do trabalho abriu a‚Ä¶ https://t.co/E3I5T2I3BI;0
https://twitter.com/renanGouveia5/status/1245841750171594759;RT @naosalvo: A quarentena tinha tudo pra estragar meu anivers√°rio maaaasssss imprimir um banner de 1.60m do Babu de pijama e um de 1,20m d‚Ä¶;0
https://twitter.com/andradepinkisa1/status/1245841551416127488;"RT @kl1mroth: meu bisav√¥ t√° fazendo 91 anos hoje minha m√£e ligou pra ele pra dar feliz anivers√°rio a√≠ ele ""minha filha voc√™ t√° enclausurada‚Ä¶";0
https://twitter.com/kiauque/status/1245840676102836229;ser√° se eu assisto la casa de papel e tento terminar hoje as que tem, s√≥ porque vai lan√ßar temp nova amanh√£ no meu anivers√°rio? kkkkkkkkkk;0
https://twitter.com/laeneaz_/status/1245840673842114560;hoje √© anivers√°rio do meu amigo e eu s√≥ queria ir na rua comprar algo p ele e depois dar um rol√™ üòî;0
https://twitter.com/heilishbae/status/1245840576513077248;hoje √© o dia mundial da conscientiza√ß√£o ao autismo e tamb√©m √© anivers√°rio do meu irm√£o que √© autista <3;0
https://twitter.com/annaRMy_3/status/1245840568745259008;RT @naosalvo: A quarentena tinha tudo pra estragar meu anivers√°rio maaaasssss imprimir um banner de 1.60m do Babu de pijama e um de 1,20m d‚Ä¶;0
https://twitter.com/djuremaa/status/1245840381750792192;hoje foi disparado o meu pior dia de home office e o segundo pior de quarentena (s√≥ perdendo pra o meu anivers√°rio msm);0
https://twitter.com/Maisa_alves1/status/1245840012031062016;RT @breno_rocha2: Anivers√°rio do meu irm√£o hoje, nada de tiro pro alto q l√° encima Deus nos protege, q papai do c√©u possa te aben√ßoar a cad‚Ä¶;0
https://twitter.com/nasc_davi/status/1245839869663993856;RT @naosalvo: A quarentena tinha tudo pra estragar meu anivers√°rio maaaasssss imprimir um banner de 1.60m do Babu de pijama e um de 1,20m d‚Ä¶;0
https://twitter.com/opabrubs/status/1245839778496602114;E minha m√£e que errou a data de anivers√°rio do meu av√¥ (pai dela)???? Ele faz anivers√°rio hoje, 02/04 e ela achou q‚Ä¶ https://t.co/bCyTsATkh3;0
https://twitter.com/maggot_lucca6/status/1245839770242240512;Hoje √© anivers√°rio do meu tio, mas acho q eu nem vou;0
https://twitter.com/zizismf/status/1245839623961612292;"RT @kl1mroth: meu bisav√¥ t√° fazendo 91 anos hoje minha m√£e ligou pra ele pra dar feliz anivers√°rio a√≠ ele ""minha filha voc√™ t√° enclausurada‚Ä¶";0
https://twitter.com/vascainakamilla/status/1245839610007019520;Hoje o c√©u est√° em festa anivers√°rio do meu grande amor üò≠ v√≥ quanta falta a senhora faz em minha vida, tenho certez‚Ä¶ https://t.co/RHQiBCpDc0;0
https://twitter.com/soyharryw/status/1245838963421691905;Hoje √© dia 2 eu t√¥ muito triste, meu melhor amigo Ronaldo faz anivers√°rio e eu n√£o tenho como falar com ele, a minh‚Ä¶ https://t.co/dl4Yxr5zro;0
https://twitter.com/silviaacpaulo/status/1245838741287116800;@serobitch mas hoje nao √© o meu anivers√°rio;0
https://twitter.com/mcgudobl/status/1245838740486045697;Hoje √© anivers√°rio do meu primo e ele n√£o sabe quantos anos faz ü§¶üèº‚Äç‚ôÇÔ∏è;0
https://twitter.com/Dougvasil/status/1245838539952205825;"RT @kl1mroth: meu bisav√¥ t√° fazendo 91 anos hoje minha m√£e ligou pra ele pra dar feliz anivers√°rio a√≠ ele ""minha filha voc√™ t√° enclausurada‚Ä¶";0
https://twitter.com/dandaniesoo001/status/1245838369692811264;Hoje √© anivers√°rio do meu cachorro... https://t.co/Y8cb610qGG;0
https://twitter.com/annaoluizao/status/1245838330023084033;RT @naosalvo: A quarentena tinha tudo pra estragar meu anivers√°rio maaaasssss imprimir um banner de 1.60m do Babu de pijama e um de 1,20m d‚Ä¶;0
https://twitter.com/desmot1vad0/status/1245838178092814337;RT @naosalvo: A quarentena tinha tudo pra estragar meu anivers√°rio maaaasssss imprimir um banner de 1.60m do Babu de pijama e um de 1,20m d‚Ä¶;0
https://twitter.com/budathecreator/status/1245838065005969408;RT @naosalvo: A quarentena tinha tudo pra estragar meu anivers√°rio maaaasssss imprimir um banner de 1.60m do Babu de pijama e um de 1,20m d‚Ä¶;0
https://twitter.com/16bits_/status/1245838027768901633;RT @naosalvo: A quarentena tinha tudo pra estragar meu anivers√°rio maaaasssss imprimir um banner de 1.60m do Babu de pijama e um de 1,20m d‚Ä¶;0
https://twitter.com/LopesAlayne/status/1245837744879931392;"caio acaba de alimentar um MONSTRO porque ontem eu fiquei o dia todo falando ""ah mas √© meu anivers√°rio"" hoje o filh‚Ä¶ https://t.co/O8fhTSy00O";0
https://twitter.com/Alana_Cristina2/status/1245837702731350016;RT @breno_rocha2: Anivers√°rio do meu irm√£o hoje, nada de tiro pro alto q l√° encima Deus nos protege, q papai do c√©u possa te aben√ßoar a cad‚Ä¶;0
https://twitter.com/JhonnyYan3/status/1245837549391818755;RT @naosalvo: A quarentena tinha tudo pra estragar meu anivers√°rio maaaasssss imprimir um banner de 1.60m do Babu de pijama e um de 1,20m d‚Ä¶;0
https://twitter.com/iukcals/status/1245837386354999297;day 2 - 020420  acordei com 56.8 e fiquei feliz. almocei picadinho de carne com arroz e bem pouquinho de farofa. √©‚Ä¶ https://t.co/iINz6o0dwp;0
https://twitter.com/Haaleluia/status/1245837295556669440;Bom que hoje eu finalizo The Circle e amanh√£ comemoro meu anivers√°rio maratonando La Casa de Papel. Show;0
https://twitter.com/Gio_Soncini/status/1245837285272289280;RT @naosalvo: A quarentena tinha tudo pra estragar meu anivers√°rio maaaasssss imprimir um banner de 1.60m do Babu de pijama e um de 1,20m d‚Ä¶;0
https://twitter.com/PsicoCardena/status/1245836807645868032;RT @naosalvo: A quarentena tinha tudo pra estragar meu anivers√°rio maaaasssss imprimir um banner de 1.60m do Babu de pijama e um de 1,20m d‚Ä¶;0
https://twitter.com/daiempinotti/status/1246174902866108418;HOJE √â MEU ANIVERS√ÅRIO DE TWITTER! 11 ANOS!  #MeuAnivers√°rioDoTwitter https://t.co/AY9ysBudiM;1
https://twitter.com/SteDias2/status/1246173950637416448;Hoje √© meu anivers√°rio, e a melhor coisa  que ganhei hoje foi esse v√≠deo, me encheu de l√°grimas nos olhos. Eu amo v‚Ä¶ https://t.co/lOxNvd8rWm;1
https://twitter.com/wellicarv/status/1246173492317425665;@marcimag_ Queria ganhar uma dessa hoje, j√° que √© meu anivers√°rio! kkkkk;1
https://twitter.com/FernandoMDB/status/1246168349043802113;Hoje √© meu anivers√°rio e olha meu presente! Valeu, @Twitter ! https://t.co/8mlXtkogCh;1
https://twitter.com/cuthbertbassett/status/1246166454015275008;üéâüéâ UUUUUUUHHHHHHHHHH üéäüéä meu anivers√°rio hoje, quem vai me desejar parab√©ns e pq ngm? https://t.co/2EbTQpta2U;1
https://twitter.com/dudagalizes/status/1246164828428939265;a√≠, no dia de hoje como √© meu anivers√°rio eu n√£o vou tomar banho kkkkk foda-se o dia √© meu e eu vou fazer o que eu quiser;1
https://twitter.com/Svio00109282/status/1246163121263259648;@globoesportecom @legadaodamassa Eae legad√£o hoje √© meu anivers√°rio;1
https://twitter.com/Guilher84357318/status/1246161793417953280;@jairbolsonaro Salve presidente, hoje √© meu anivers√°rio, poderia ganhar um parab√©ns?;1
https://twitter.com/StreetyLileu/status/1246160633932001280;hoje e meu aniversario,queria receber parabens dos meu  idolos favoritos  @pultaboy  @XEATZAO @sabugamentes‚Ä¶ https://t.co/P0wmTUtrdj;1
https://twitter.com/preciousihoo/status/1246159605882851333;foda que at√© minha madrasta me desejou feliz anivers√°rio e meu pai n√£o deve nem mesmo ter lembrado hoje que tem uma filha;1
https://twitter.com/karinhinca/status/1246157693519265793;@Corinthians Me d√° parab√©ns???? Hoje √© meu anivers√°rio ‚ò∫Ô∏è #FalaFiel;1
https://twitter.com/fedozza_pooper/status/1246156685275783171;eu fa√ßo anivers√°rio no mesmo dia que essa menina meu anivers√°rio tamb√©m √© hoje https://t.co/ejZQXbyY74;1
https://twitter.com/pelo_prior/status/1246152673688248320;@beycklout √â hoje √© meu anivers√°rio cara, essa not√≠cia acabou com o meu dia.;1
https://twitter.com/lovelylalaby/status/1246150468545523712;ent√£o n√© hoje √© meu anivers√°rio s√≥ queria dizer que te amo https://t.co/qCRjfXVm0C;1
https://twitter.com/lovelylalaby/status/1246149376919195650;@mirolazinha j√° t√° no destino meu anivers√°rio hoje e o seu amanh√£ üôè;1
https://twitter.com/juli_anesouza/status/1246147936486072323;Entrou uma borboleta no meu quarto justo hoje que √© meu anivers√°rio. Devo me preocupar?;1
https://twitter.com/beatrizandrella/status/1246147119876124672;Hoje √© meu anivers√°rio, eu nunca comemoro, mas ele faria quest√£o de vir me ver e me dar parab√©ns. Se eu pudesse faz‚Ä¶ https://t.co/d4xqN8aNyf;1
https://twitter.com/PraesBrendon/status/1246146962132516869;Hoje √© meu anivers√°rio e roubaram minha bicicleta üëç;1
https://twitter.com/suecothechill/status/1246176155344031744;conquistas:  eu ganhei essa pulseira no meu anivers√°rio de dois anos e ela claramente √© pro pulso de um beb√™, a um‚Ä¶ https://t.co/nfYSqHcNLB;0
https://twitter.com/eloysacanta/status/1246176020178317317;People, meu v√≠deo novo t√° no ar!!!  Corre l√° e confere!!! ü•∞ #ritmoperfeito da @anitta , homenagem a ela que fez ani‚Ä¶ https://t.co/PGyYfaW3DO;0
https://twitter.com/Nicole_Nverland/status/1246174954980290573;RT @crisxxxg: oi bom dia  hoje √© meu anivers√°rio e eu proibi toda a familia de comer carne por esse meio tempo como forma de presente n√©  m‚Ä¶;0
https://twitter.com/thiaguyb/status/1246173498223071245;RT @naosalvo: A quarentena tinha tudo pra estragar meu anivers√°rio maaaasssss imprimir um banner de 1.60m do Babu de pijama e um de 1,20m d‚Ä¶;0
https://twitter.com/helorsrs/status/1246173404312584193;@banhodecaju no meu anivers√°rio contaram a namorada dele que ele transou comigo. Eu nem lembro como foi, tava bebad‚Ä¶ https://t.co/Ij0rQE7ajJ;0
https://twitter.com/pq_gaby_/status/1246173269075558405;Hoje √© anivers√°rio de 49 anos de casados dos meus av√≥s meu Deus do c√©u;0
https://twitter.com/claraa_fs/status/1246173095079133184;Hoje seria anivers√°rio da minha vozinha paterna e, na noite passada, dentre v√°rios sonhos que tive, um deles foi co‚Ä¶ https://t.co/UQF2Wtnb4m;0
https://twitter.com/_Isaa021/status/1246172567603380224;Hoje √© anivers√°rio do meu dindinha, ai t√¥ morrendo de saudades. üë£üéâ;0
https://twitter.com/Thayann19146359/status/1246172279354114048;RT @CelionCelino: Hoje se estivesse aqui ia dizer feliz anivers√°rio coroa, te amo vamos fazer churrasco? üò¢üò¢. Obrigada meu Deus, por ter me‚Ä¶;0
https://twitter.com/deborahec1/status/1246172228909236225;Velho, eu vou esquecer meu anivers√°rio bonito kkkkkkk To sem saber que data √© hoje...se eu lembrar, ser√° pq a galer‚Ä¶ https://t.co/rSlRfO4QUH;0
https://twitter.com/faelfeld/status/1246171611788726273;hoje era pra mim ir pro lollapalooza, amanh√£ comemorar meu anivers√°rio num karaok√™ e domingo passar o dia na praia‚Ä¶ https://t.co/1ftV0g8wxG;0
https://twitter.com/ThiFarnochi/status/1246171373975846912;Hoje √© anivers√°rio do meu irm√£o e eu vou me arrumar tanto que o natal vai ficar com inveja;0
https://twitter.com/leandr0gm/status/1246170733203595264;@fernandokallas @OscarGraBar @mtovarnfl Hoje fui levar umas compras pro meu pai e m√£e, n√£o pude abra√ßar nem chegar‚Ä¶ https://t.co/tDLv4qD0PB;0
https://twitter.com/SouzaaDrikinha/status/1246169437138493444;Hoje √© anivers√°rio da minha metade e ele n t√° aqui comigo , meu cora√ß√£o t√° partido;0
https://twitter.com/badgalwan/status/1246169315910524928;Hoje √© anivers√°rio do meu Pai! Espero que ele esteja feliz!;0
https://twitter.com/Soaphyuga/status/1246169247144951808;Arrumar meu cabelo HOJE pro anivers√°rio da minha m√£e que √© AMANH√É;0
https://twitter.com/thaysfragozo/status/1246168891447037952;Hoje √© anivers√°rio do meu Breninho e eu n√£o vou poder ir por causa da quarentena ‚òπÔ∏è;0
https://twitter.com/pnevess20/status/1246167172000423937;Hoje √© anivers√°rio do meu anjinho, brilha v√≥ hj o c√©u t√° em festa quanta sdd eu sinto da senhora, vou te amar eternamente üò≠üíî‚ù§Ô∏è‚ù§Ô∏è‚ù§Ô∏è;0
https://twitter.com/Geo_Resende1/status/1246166378782040064;Foto de 2017 s√≥ pra lembrar que hoje √© o seu anivers√°rio meu amor, a gente tem nossas brigas de irm√£os eu sei, mas‚Ä¶ https://t.co/Fds2mNsFNv;0
https://twitter.com/filhadarebeld1a/status/1246166110199742464;Meu anivers√°rio e o de Rebeca √© em outubro e ela ja ta fazendo a lista das coisas da festa hoje ta ca porra;0
https://twitter.com/jessicafidel1s/status/1246165859560800256;falta duas semanas p meu anivers√°rio e a maria me deu chocolate de presente hoje j√°, uma amg top dessas;0
https://twitter.com/deoliveiraujo/status/1246165835644796933;acabei de sacar que hoje seria anivers√°rio do meu paiüò® vai ver √© por isso que o dia t√° meio assim...;0
https://twitter.com/Brendinhacapano/status/1246165415727947787;Hoje √© anivers√°rio do meu amor e eu t√¥ sem palavras pra escrever um texto p essa piranha üò†üòç;0
https://twitter.com/martinsbry/status/1246165394567630850;@thaiscretina pois √©, eu tava achando estranho o tanto de exame que meu pai vinha fazendo mas n quis dizer nada, no‚Ä¶ https://t.co/8KIllX4dmb;0
https://twitter.com/hugsforbchan/status/1246165377895116800;hoje √© anivers√°rio de um primo meu e minha m√£e quer ir na casa dele dar os parab√©ns eu disse que preferia ficar em‚Ä¶ https://t.co/nbmIeodiC9;0
https://twitter.com/nicolascintra1/status/1246164989750247425;Meu anivers√°rio √© domingo, fiquei olhando na janela hoje a tarde inteira de 15 em 15 minutos ver se tinha caminh√£o‚Ä¶ https://t.co/qmcFM27Pet;0
https://twitter.com/catarseando_se/status/1246164973333680135;"@leztsea Pera eu escrevi nervosa, era ""meu anivers√°rio est√° chegando. :(  Ainda n√£o √© hoje";0
https://twitter.com/supwrcorps/status/1246163637137440768;sonhei com meu pai e sonhei que hoje era meu anivers√°rio?;0
https://twitter.com/domenique_costa/status/1246162576712531968;RT @CamilaaMirella: Hoje minha vida volta no tempo e eu vejo como tudo tem passado t√£o r√°pido. Minha primog√™nita completa seus 4 aninhos e‚Ä¶;0
https://twitter.com/AngelusAMors/status/1246161844491956231;Hoje √© o anivers√°rio do meu padrasto. Daqui a pouco vai come√ßar a comemora√ß√£o... E eu? Eu vou fingir que estou me d‚Ä¶ https://t.co/R5iMsSuhEf;0
https://twitter.com/Alan_iasd/status/1246161312952057857;@NetflixBrasil netflix hoje √© meu aniversario de casamento por favor , me indica uma s√©rie um filme para eu assisti‚Ä¶ https://t.co/OTQkukwydQ;0
https://twitter.com/beswarkles/status/1246160527128236033;hoje √© anivers√°rio do meu outro namorado parab√©ns @mradamscott;0
https://twitter.com/ANNEWit98799659/status/1246160260957638657;RT @cordeliasquad: de: @eIIasommerss para: @ANNEWit98799659 oi ket, feliz anivers√°rio meu amor, espero que vc seja muito amada e mimada ho‚Ä¶;0
https://twitter.com/ANNEWit98799659/status/1246160091130314758;RT @cordeliasquad: de: @lilowstich para: @ANNEWith98799659 A ruiva mais perfeita de todo o Brasil t√° fazendo anivers√°rio hoje‚úäüèºüòî‚ô•Ô∏è Meu amo‚Ä¶;0
https://twitter.com/coronga_bot/status/1246159512039456769;RT @jacqueamorim_: Hoje √© o anivers√°rio do meu amigo e minha m√£e n√£o quer deixar eu ir por causa do coronga;0
https://twitter.com/jacqueamorim_/status/1246159490275323909;Hoje √© o anivers√°rio do meu amigo e minha m√£e n√£o quer deixar eu ir por causa do coronga;0
https://twitter.com/aperriad/status/1246159482582978561;oh meu deus, a quarentena vai juntar minha fam√≠lia toda em um anivers√°rio!!!  moramos em 4 estados diferentes, e nu‚Ä¶ https://t.co/v9tT0RLDeG;0
https://twitter.com/caroleyng_/status/1246159418301075456;Hoje √© anivers√°rio do meu futuro namorado @Bruninho parab√©ns mor ü•∞;0
https://twitter.com/isazampa/status/1246159317440618496;aiai era pra eu estudar hoje mas como √© v√©spera do meu anivers√°rio eu posso, at√© pq se fosse a alguns anos atr√°s ne‚Ä¶ https://t.co/BszDB6vKYh;0
https://twitter.com/laryssa_feer/status/1246158898710614016;hoje √© niver do meu irm√£o e combinei com a minha  m√£e e minha av√≥ de fazermos as pizzas que ele gosta, o anivers√°ri‚Ä¶ https://t.co/AumolzI37H;0
https://twitter.com/fannyzin22/status/1246158771983958018;RT @CamilaaMirella: Hoje minha vida volta no tempo e eu vejo como tudo tem passado t√£o r√°pido. Minha primog√™nita completa seus 4 aninhos e‚Ä¶;0
https://twitter.com/helligious/status/1246158680703283206;em d√∫vida se anivers√°rio do meu pai √© hoje ou amanh√£;0
https://twitter.com/OLancelotte/status/1246158634301734920;Hoje √© anivers√°rio do meu irm√£o mais novo e a festa dele vai ser por zoom com uns amigos e a fam√≠lia cantando parab√©ns ü•∫‚ù§Ô∏è;0
https://twitter.com/sccpmksslvr/status/1246158330386698241;@Corinthians corinthiaaans d√° parabens pro meu amigo lucas, √© anivers√°rio dele hoje!!;0
https://twitter.com/bbiaoliveira__/status/1246158179920162816;RT @rocketorusssia: hoje √© o nosso 6/9 anivers√°rio de namoro, mas como a gente n√£o vai se ver hoje, cada uma deu um jeito de dar um present‚Ä¶;0
https://twitter.com/yasminapiraa_/status/1246157902433443850;vou acabar la casa de papel hoje e amanh√£ √© meu anivers√°rio, tem nada a ver uma coisa c a outra mas eu quero dizer;0
https://twitter.com/Tiateka22/status/1246157683436195842;Hoje √© anivers√°rio do meu pai e minha m√£e t√° aqui debochando da Renata kkkkkkkkkkk;0
https://twitter.com/vitoriafjv/status/1246157390594129923;Hoje √© anivers√°rio do meu pai, amanh√£ do meu irm√£o;0
https://twitter.com/casquinha_jj/status/1246157369194745856;Hoje √© anivers√°rio do meu filhote, vejo como o tempo passa r√°pido,  pois parece que ele nasceu faz pouco tempo! Enz‚Ä¶ https://t.co/vV3r0eYtV0;0
https://twitter.com/celiaamara2/status/1246156789860761603;RT @aldacelia: Hoje √© meu anivers√°rio! Filha do meio entre cinco meninas, o primeiro som que saiu dos meus min√∫sculos l√°bios aconteceu no i‚Ä¶;0
https://twitter.com/junnieblossom/status/1246155913582477314;HOJE √â ANIVERS√ÅRIO DO MEU PRIMO E EU ESQUECI AAA;0
https://twitter.com/Robert_BBMP/status/1246155776080728068;@ECBahia Obrigado amor da minha vida! Mas hoje n√£o √© meu anivers√°rio n√£o... üòÖ‚ù§Ô∏è;0
https://twitter.com/raaysousa13/status/1246155593150271488;hoje √© anivers√°rio do meu papitoooo, meu fechamento ntj;0
https://twitter.com/bmelribeiro1/status/1246154260456357889;hoje faltam exatamente um m√™s p meu anivers√°rio, e eu t√¥ dando gra√ßas a deus de ter cancelado a festa. T√¥ vendo q vou quarentar;0
https://twitter.com/dearmaliwal/status/1246153687686197249;hoje √© anivers√°rio do meu tio e eu nem sei parab√©ns üòÖ;0
https://twitter.com/euiriojunior/status/1246153341664714752;Hoje √© anivers√°rio do meu irm√£o @CaioBernard2;0
https://twitter.com/Kainanzera/status/1246152657552711682;Hoje √© anivers√°rio do meu v√¥ ü•∞ü•∞ü•∞;0
https://twitter.com/oliveiradafne7_/status/1246151922094092289;RT @CelionCelino: Hoje se estivesse aqui ia dizer feliz anivers√°rio coroa, te amo vamos fazer churrasco? üò¢üò¢. Obrigada meu Deus, por ter me‚Ä¶;0
https://twitter.com/mauroventurini/status/1246151801696653312;RT @ManCityPT: Hoje √© dia dele! üéäüéâ  O @gabrieljesus33 est√° fazendo anivers√°rio. Parab√©ns meu camisa 9Ô∏è‚É£! Lhe desejamos muito sucesso e mu‚Ä¶;0
https://twitter.com/talita_fariast/status/1246151630321483776;hoje √© anivers√°rio da minha m√£e e eu nem estava lembrando, perdi totalmente a no√ß√£o dos dias. MEU DEEEEEUS;0
https://twitter.com/i_mundinho/status/1246151628614438914;RT @isabelafonsek: Hoje √© anivers√°rio do meu amiguxo mais malhado e gostos√£o da ufg inteira e por limita√ß√£o de recursos s√≥ tenho foto feia‚Ä¶;0
https://twitter.com/russo2097/status/1246151057253810176;Hoje o anivers√°rio √© do Igor mas o presente foi meu de encontrar com ele no centro, amigo voc√™ e foda demaisss;0
https://twitter.com/gistefanelli/status/1246150897459253250;Hoje √© o dia de uma pessoa muito especial aqui no TT! @BellaFilet ,feliz anivers√°rio! Que Deus aben√ßoe a sua vida e‚Ä¶ https://t.co/ejF8nDUvQ6;0
https://twitter.com/thayramos20/status/1246150583662399488;RT @larimedeiros25: Vamos ent√£o para uma rela√ß√£o de amor e √≥dio (mais √≥dio que amor, as vezes). Hoje √© o dia dessa 22, eu poderia ter deixa‚Ä¶;0
https://twitter.com/Israelmcrf/status/1246150570228023298;RT @ManCityPT: Hoje √© dia dele! üéäüéâ  O @gabrieljesus33 est√° fazendo anivers√°rio. Parab√©ns meu camisa 9Ô∏è‚É£! Lhe desejamos muito sucesso e mu‚Ä¶;0
https://twitter.com/Dinsjani/status/1246149675180265476;RT @brunoreisba: Estamos trabalhando dia e noite nas ruas, buscando evitar propaga√ß√£o do v√≠rus. Sabe qual √© o motivo disso tudo? O cuidado‚Ä¶;0
https://twitter.com/protectcontente/status/1246149556305305605;hoje tamb√©m √© anivers√°rio do meu beb√™ gabriel jesus ‚ù§‚ù§‚ù§‚ù§‚ù§üíñüíñüíñüíñüíñüòçüòçüòçüòç;0
https://twitter.com/matheus751krt/status/1246149064116310017;@Eduardo51595736 Hoje n√£o e meu anivers√°rio üòÇ;0
https://twitter.com/xlaviex/status/1246149014141177862;amanh√£ √© meu anivers√°rio, hoje √© oficialmente v√©spera do dia internacional de eu mesma;0
https://twitter.com/27bi95/status/1246148781709631495;RT @CelionCelino: Hoje se estivesse aqui ia dizer feliz anivers√°rio coroa, te amo vamos fazer churrasco? üò¢üò¢. Obrigada meu Deus, por ter me‚Ä¶;0
https://twitter.com/darshany/status/1246148553849921536;minha m√£e queria que eu fosse almo√ßar com ela amanh√£, por ser meu anivers√°rio pensei durante a semana inteira e hoj‚Ä¶ https://t.co/Uumv6k2gaG;0
https://twitter.com/LiraSalomao/status/1246148509314801664;RT @GentlemanJackBR: E a Suranne Jones desejando 'Feliz anivers√°rio' pra Anne Lister ‚ô•‚ô•‚ô• meu cora√ß√£o t√° pra n√£o suportar mais hoje  #Gentle‚Ä¶;0
https://twitter.com/isabelafonsek/status/1246148408580210689;Hoje √© anivers√°rio do meu amiguxo mais malhado e gostos√£o da ufg inteira e por limita√ß√£o de recursos s√≥ tenho foto‚Ä¶ https://t.co/SuzHAybJwt;0
https://twitter.com/larimedeiros25/status/1246148205018075139;Vamos ent√£o para uma rela√ß√£o de amor e √≥dio (mais √≥dio que amor, as vezes). Hoje √© o dia dessa 22, eu poderia ter d‚Ä¶ https://t.co/OzrRtaXDVJ;0
https://twitter.com/Hjp09116341/status/1246148193596956674;RT @exosujuloey: Hoje √© o dia do meu amorzinho mais lindo de vida! Feliz anivers√°rio, Hyukjae. Eu amo voc√™ at√© o infinito ‚ù§‚ù§ #HappyEunhyukD‚Ä¶;0
https://twitter.com/lucrvgX/status/1246148141239472128;RT @ManCityPT: Hoje √© dia dele! üéäüéâ  O @gabrieljesus33 est√° fazendo anivers√°rio. Parab√©ns meu camisa 9Ô∏è‚É£! Lhe desejamos muito sucesso e mu‚Ä¶;0
https://twitter.com/Mayra_Rocha01/status/1246148046020153344;RT @CelionCelino: Hoje se estivesse aqui ia dizer feliz anivers√°rio coroa, te amo vamos fazer churrasco? üò¢üò¢. Obrigada meu Deus, por ter me‚Ä¶;0
https://twitter.com/mandsep_/status/1246147241913520130;hoje √© anivers√°rio do meu menino!!!! parab√©ns meu amor, muita sa√∫de e gl√≥rias na sua vida TE AMO üíö @gabrieljesus33;0
https://twitter.com/renatinhacgc/status/1246147011142922246;Hoje √© anivers√°rio do menino Jesus? FELIZ NATAL GALERA!  Meu menino e meu Moz√£o numa foto, assim meu cora√ß√£o n√£o ag‚Ä¶ https://t.co/rSI5VaVR88;0
https://twitter.com/idfcvante/status/1246146778170298368;n√£o deixarei nada estragar meu dia pois hoje √© anivers√°rio da pessoa mais iluminada da minha vida vulgo bella, e ta‚Ä¶ https://t.co/HTuIECFyGA;0
https://twitter.com/DaMaloca_23/status/1246146586431930369;RT @ManCityPT: Hoje √© dia dele! üéäüéâ  O @gabrieljesus33 est√° fazendo anivers√°rio. Parab√©ns meu camisa 9Ô∏è‚É£! Lhe desejamos muito sucesso e mu‚Ä¶;0
https://twitter.com/Joycesf_16/status/1246146547500355584;RT @kaalandin: galera, uma pesquisa r√°pida aqui, meu cachorro ta home office e pediu pra eu perguntar .. voc√™s mandariam textinho de feliz‚Ä¶;0